,nse,bse
0,ANDHRAPAP,502330.0
1,ASTRON,540824.0
2,BBTCL,
3,BALKRISHNA,539251.0
4,BALLARPUR,500102.0
5,CENTURYTEX,500040.0
6,EMAMIPAP,533208.0
7,GENUSPAPER,538961.0
8,JKPAPER,532162.0
9,KUANTUM,532937.0
10,MAGNUM,532896.0
11,MALUPAPER,532728.0
12,NRAIL,516082.0
13,ORIENTPPR,502420.0
14,PDMJEPAPER,539785.0
15,RUCHIRA,532785.0
16,SATIA,539201.0
17,SESHAPAPER,502450.0
18,RAMANEWS,500356.0
19,SHREYANIND,516016.0
20,STARPAPER,516022.0
21,TNPL,531426.0
22,WSTCSTPAPR,500444.0
23,WORTH,
24,ATGL,542066.0
25,DEEPENR,532760.0
26,DEEPINDS,543288.0
27,GAIL,532155.0
28,GSPL,532702.0
29,IGL,532514.0
30,MGL,539957.0
31,PETRONET,532522.0
32,3IINFOTECH,532628.0
33,63MOONS,526881.0
34,AAATECH,
35,ACCELYA,532268.0
36,ADROITINFO,532172.0
37,AGCNET,500463.0
38,AIRAN,
39,ALANKIT,531082.0
40,ADSL,532875.0
41,ALLSEC,532633.0
42,APOLLO,540879.0
43,AURIONPRO,532668.0
44,AXISCADES,532395.0
45,BARTRONICS,532694.0
46,BGLOBAL,533499.0
47,BSOFT,532400.0
48,BLS,540073.0
49,BCG,532368.0
50,CADSYS,
51,CALSOFT,532386.0
52,CTE,532801.0
53,CIGNITITEC,534758.0
54,COFORGE,532541.0
55,CRANESSOFT,512093.0
56,CYBERTECH,532173.0
57,CYIENT,532175.0
58,DATAMATICS,532528.0
59,DEVIT,
60,DUCON,534674.0
61,DSSL,532365.0
62,E2E,
63,ECLERX,532927.0
64,EXCEL,533090.0
65,EXPLEOSOL,533121.0
66,FCSSOFT,532666.0
67,FSL,532809.0
68,GENESYS,506109.0
69,GISOLUTION,533048.0
70,GOLDTECH,531439.0
71,GSS,532951.0
72,HAPPSTMNDS,543227.0
73,HCLTECH,532281.0
74,HGS,532859.0
75,HOVS,532761.0
76,INFIBEAM,539807.0
77,INFOBEAN,
78,INFY,500209.0
79,INNOVANA,
80,INSPIRISYS,532774.0
81,INTELLECT,538835.0
82,INTENTECH,532326.0
83,ISFT,533181.0
84,IZMO,532341.0
85,KELLTONTEC,519602.0
86,KPITTECH,542651.0
87,KSOLVES,
88,LTI,540005.0
89,LTTS,540115.0
90,LCCINFOTEC,532019.0
91,MAJESCO,539289.0
92,MASTEK,523704.0
93,MEGASOFT,532408.0
94,MELSTAR,532307.0
95,MINDTECK,517344.0
96,MINDTREE,532819.0
97,MPHASIS,526299.0
98,VISESHINFO,532411.0
99,NAZARA,543280.0
100,NPST,
101,NEWGEN,540900.0
102,NUCLEUS,531209.0
103,ONEPOINT,
104,ONWARDTEC,517536.0
105,OFSS,532466.0
106,PALREDTEC,532521.0
107,PERSISTENT,533179.0
108,QUICKHEAL,539678.0
109,QUINTEGRA,532866.0
110,RSSOFTWARE,517447.0
111,RSYSTEMS,532735.0
112,RAMCOSYS,532370.0
113,RELIABLE,
114,ROLTA,500366.0
115,ROUTE,543228.0
116,RPSGVENT,542333.0
117,SAKSOFT,590051.0
118,SASKEN,532663.0
119,SECURKLOUD,512161.0
120,SIGMA,
121,SILVERTUC,
122,SOFTTECH,
123,SONATSOFTW,532221.0
124,SPCENET,
125,SUBEXLTD,532348.0
126,TAKE,532890.0
127,TANLA,532790.0
128,TATAELXSI,500408.0
129,TCS,532540.0
130,TECHM,532755.0
131,TERASOFT,533982.0
132,TREJHARA,542233.0
133,TRIGYN,517562.0
134,VAKRANGEE,511431.0
135,WEWIN,
136,WIPRO,507685.0
137,XCHANGING,532616.0
138,XELPMOC,542367.0
139,ZENTEC,533339.0
140,ZENSARTECH,504067.0
141,DPABHUSHAN,
142,GOENKA,533189.0
143,GOLDIAM,526729.0
144,KALYANKJIL,543278.0
145,KANANIIND,506184.0
146,LGHL,
147,LYPSAGEMS,534532.0
148,MOKSH,
149,PCJEWELLER,534809.0
150,PENTAGOLD,
151,RAJESHEXPO,531500.0
152,RGL,532923.0
153,SILGO,
154,SONAHISONA,
155,TBZ,534369.0
156,THANGAMAYL,533158.0
157,TITAN,500114.0
158,VAIBHAVGBL,532156.0
159,ZODJRDMKJ,512587.0
160,ASTEC,533138.0
161,BAYERCROP,506285.0
162,BESTAGRO,539660.0
163,BHARATRAS,590021.0
164,DHANUKA,507717.0
165,HERANBA,543266.0
166,IPL,543311.0
167,INSECTICID,532851.0
168,MOL,543331.0
169,NACLIND,524709.0
170,PIIND,523642.0
171,RALLIS,500355.0
172,SHARDACROP,538666.0
173,SIKKO,
174,SUMICHEM,542920.0
175,UPL,512070.0
176,ANTGRAPHIC,526715.0
177,DBCORP,533151.0
178,DNAMEDIA,540789.0
179,HTMEDIA,532662.0
180,HMVL,533217.0
181,INFOMEDIA,509069.0
182,JAGRAN,532705.0
183,MPSLTD,532440.0
184,NAVNETEDUL,508989.0
185,NDTV,532529.0
186,REPRO,532687.0
187,SCHAND,540497.0
188,SABEVENTS,540081.0
189,SAMBHAAV,511630.0
190,SANDESH,526725.0
191,SUNDARAM,533166.0
192,TVTODAY,532515.0
193,UFO,539141.0
194,ARCOTECH,532914.0
195,CENTEXT,500083.0
196,CUBEXTUB,526027.0
197,HINDALCO,500440.0
198,HINDCOPPER,513599.0
199,HINDZINC,500188.0
200,MAANALU,532906.0
201,MANAKSIA,532932.0
202,MANAKALUCO,539045.0
203,MMP,
204,NATIONALUM,532234.0
205,PRECWIRE,523539.0
206,SAGARDEEP,
207,TINPLATE,504966.0
208,APCOTEXIND,523694.0
209,CCL,519600.0
210,DTIL,538902.0
211,ELGIRUBCO,
212,GROBTEA,
213,GRPLTD,509152.0
214,HARRMALAYA,500467.0
215,JAYSREETEA,509715.0
216,MCLEODRUSS,532654.0
217,NORBTEAEXP,519528.0
218,PKTEA,
219,ROSSELLIND,533168.0
220,SEPOWER,534598.0
221,SOMICONVEY,533001.0
222,TATACOFFEE,532301.0
223,TATACONSUM,500800.0
224,UNITEDTEA,
225,KOKUYOCMLN,523207.0
226,LINCPEN,531241.0
227,VASA,
228,ABB,500002.0
229,POWERINDIA,543187.0
230,AMTL,534612.0
231,APARINDS,532259.0
232,BHEL,500103.0
233,BBL,503960.0
234,BRIGHT,
235,CGPOWER,500093.0
236,CROMPTON,539876.0
237,EASUNREYRL,532751.0
238,EMCO,504008.0
239,FOCUS,
240,GET&D,522275.0
241,GOLDSTAR,
242,HAVELLS,517354.0
243,HONDAPOWER,522064.0
244,HPL,540136.0
245,INDLMETER,517571.0
246,INDOTECH,532717.0
247,INDOSOLAR,533257.0
248,INOXWIND,539083.0
249,JYOTISTRUC,513250.0
250,KEC,532714.0
251,KALPATPOWR,522287.0
252,KECL,533193.0
253,MARINE,
254,MODISNME,506261.0
255,NTL,532887.0
256,REXPIPES,
257,S&SPOWER,517273.0
258,SALZERELEC,517059.0
259,SCHNEIDER,534139.0
260,SERVOTECH,
261,SRIRAM,
262,SIEMENS,500550.0
263,SPECTRUM,
264,SURANASOL,533298.0
265,SUZLON,532667.0
266,SWELECTES,532051.0
267,TRIL,532928.0
268,TARAPUR,533203.0
269,TDPOWERSYS,533553.0
270,TRITURBINE,533655.0
271,UJAAS,533644.0
272,VGUARD,532953.0
273,VETO,539331.0
274,VOLTAMP,532757.0
275,WEBELSOLAR,517498.0
276,WFL,
277,BIRLAMONEY,532974.0
278,ARIHANTCAP,511605.0
279,DBSTOCKBRO,530393.0
280,EMKAY,532737.0
281,GEOJITFSL,532285.0
282,INDBANK,511473.0
283,STEELCITY,
284,IFGLEXPOR,540774.0
285,RHIM,534076.0
286,VESUVIUS,520113.0
287,AAREYDRUGS,524412.0
288,AARTIDRUGS,524348.0
289,ABBOTINDIA,500488.0
290,AJANTPHARM,532331.0
291,ALBERTDAVD,524075.0
292,ALEMBICLTD,506235.0
293,APLLTD,533573.0
294,ALKEM,539523.0
295,ALPA,532878.0
296,AMRUTANJAN,590006.0
297,ANURAS,543275.0
298,ARVEE,
299,ASTRAZEN,506820.0
300,AUROPHARMA,524804.0
301,BAFNAPH,532989.0
302,BALPHARMA,524824.0
303,BETA,
304,BIOCON,532523.0
305,BIOFILCHEM,524396.0
306,BLISSGVS,506197.0
307,BROOKS,533543.0
308,CADILAHC,532321.0
309,CAPLIPOINT,524742.0
310,CIPLA,500087.0
311,DCAL,540701.0
312,DIVISLAB,532488.0
313,DRREDDY,500124.0
314,ERIS,540596.0
315,FDC,531599.0
316,GLAND,543245.0
317,GLAXO,500660.0
318,GLS,543322.0
319,GLENMARK,532296.0
320,GRANULES,532482.0
321,GUFICBIO,509079.0
322,HESTERBIO,524669.0
323,HIKAL,524735.0
324,INDSWFTLTD,524652.0
325,INDSWFTLAB,532305.0
326,INDOCO,532612.0
327,IOLCP,524164.0
328,IPCALAB,524494.0
329,JBCHEPHARM,506943.0
330,JAGSNPHARM,507789.0
331,JUBLPHARMA,530019.0
332,KILITCH,524500.0
333,KOPRAN,524280.0
334,KREBSBIO,524518.0
335,LASA,540702.0
336,LAURUSLABS,540222.0
337,LINCOLN,531633.0
338,LUPIN,500257.0
339,LYKALABS,500259.0
340,MANGALAM,532637.0
341,MARKSANS,524404.0
342,MOREPENLAB,500288.0
343,NATCOPHARM,524816.0
344,NECLIFE,532649.0
345,NEULANDLAB,524558.0
346,NOVARTIND,500672.0
347,ORCHPHARMA,524372.0
348,ORTINLAB,539287.0
349,PGHL,500126.0
350,PANACEABIO,531349.0
351,PAR,
352,PDPL,524689.0
353,PFIZER,500680.0
354,PEL,500302.0
355,RPGLIFE,532983.0
356,SAKAR,
357,SANOFI,500674.0
358,SEQUENT,512529.0
359,SHILPAMED,530549.0
360,SMSLIFE,540679.0
361,SMSPHARMA,532815.0
362,SOLARA,541540.0
363,STAR,532531.0
364,SUNPHARMA,524715.0
365,SUVEN,530239.0
366,SUVENPHAR,543064.0
367,SYNGENE,539268.0
368,THEMISMED,530199.0
369,TORNTPHARM,500420.0
370,TTKHLTCARE,507747.0
371,UNICHEMLAB,506690.0
372,VENUSREM,526953.0
373,VINEETLAB,543298.0
374,VIVIMEDLAB,532660.0
375,WANBURY,524212.0
376,WINDLAS,543329.0
377,WOCKPHARMA,532300.0
378,ZOTA,
379,ESSARSHPNG,533704.0
380,GESHIP,500620.0
381,GLOBOFFS,501848.0
382,MERCATOR,526235.0
383,SCI,523598.0
384,SEAMECLTD,526807.0
385,SHREYAS,520151.0
386,AUBANK,540611.0
387,AXISBANK,532215.0
388,BANDHANBNK,541153.0
389,BANKBARODA,532134.0
390,BANKINDIA,532149.0
391,MAHABANK,532525.0
392,CANBK,532483.0
393,CENTRALBK,532885.0
394,CUB,532210.0
395,CSBBANK,542867.0
396,DCBBANK,532772.0
397,DHANBANK,532180.0
398,EQUITASBNK,543243.0
399,FEDERALBNK,500469.0
400,HDFCBANK,500180.0
401,IOB,532388.0
402,ICICIBANK,532174.0
403,IDBI,500116.0
404,IDFCFIRSTB,539437.0
405,INDIANB,532814.0
406,INDUSINDBK,532187.0
407,J&KBANK,532209.0
408,KTKBANK,532652.0
409,KARURVYSYA,590003.0
410,KOTAKBANK,500247.0
411,PSB,533295.0
412,PNB,532461.0
413,RBLBANK,540065.0
414,SOUTHBANK,532218.0
415,SBIN,500112.0
416,SURYODAY,543279.0
417,UCOBANK,532505.0
418,UJJIVANSFB,542904.0
419,UNIONBANK,532477.0
420,YESBANK,532648.0
421,20MICRONS,533022.0
422,ASHAPURMIN,527001.0
423,BHAGYANGR,512296.0
424,COALINDIA,533278.0
425,GMDCLTD,532181.0
426,GRAVITA,533282.0
427,IMPEXFERRO,532614.0
428,IMFA,533047.0
429,KIOCL,540680.0
430,MCL,
431,MAITHANALL,590078.0
432,MOIL,533286.0
433,NMDC,526371.0
434,ORISSAMINE,590086.0
435,ARENTERP,526662.0
436,ROHITFERRO,532731.0
437,SHIRPUR-G,512289.0
438,SHYAMCENT,539252.0
439,SOUTHWEST,
440,VEDL,500295.0
441,GPPL,533248.0
442,APTECHT,532475.0
443,COMPUSOFT,532339.0
444,EDUCOMP,532696.0
445,NIITLTD,500304.0
446,UMESLTD,532398.0
447,ZEELEARN,533287.0
448,ACC,500410.0
449,AMBUJACEM,500425.0
450,ANDHRACEMT,532141.0
451,APCL,518091.0
452,BVCL,532916.0
453,BIRLACORPN,500335.0
454,BURNPUR,532931.0
455,DALBHARAT,542216.0
456,DECCANCE,502137.0
457,GSCLCEMENT,518029.0
458,HEIDELBERG,500292.0
459,INDIACEM,530005.0
460,JKCEMENT,532644.0
461,JKLAKSHMI,500380.0
462,KCP,590066.0
463,KAKATCEM,500234.0
464,MANGLMCEM,502157.0
465,NCLIND,502168.0
466,NUVOCO,543334.0
467,ORIENTCEM,535754.0
468,PRSMJOHNSN,500338.0
469,SAGCEM,502090.0
470,SANGHIIND,526521.0
471,SHREDIGCEM,502180.0
472,SHREECEM,500387.0
473,STARCEMENT,540575.0
474,RAMCOCEM,500260.0
475,ULTRACEMCO,532538.0
476,KPIGLOBAL,542323.0
477,ABAN,523204.0
478,HINDOILEXP,500186.0
479,ONGC,500312.0
480,OIL,533106.0
481,SELAN,530075.0
482,AARTIIND,524208.0
483,AARTISURF,543210.0
484,ADVENZYMES,540025.0
485,AKSHARCHEM,524598.0
486,ALKALI,533029.0
487,ALKYLAMINE,506767.0
488,AMBANIORG,
489,ASAHISONG,532853.0
490,ATUL,500027.0
491,BALAMINES,530999.0
492,BASF,500042.0
493,BHAGERIA,530803.0
494,BODALCHEM,524370.0
495,CAMLINFINE,532834.0
496,CASTROLIND,500870.0
497,CHEMBOND,530871.0
498,CHEMCON,543233.0
499,CHEMFAB,541269.0
500,CHEMPLASTS,543336.0
501,CHROMATIC,530191.0
502,CLNINDIA,506390.0
503,CLEAN,543318.0
504,DEEPAKFERT,500645.0
505,DEEPAKNTR,506401.0
506,DICIND,500089.0
507,DYNPRO,532707.0
508,EXCELINDUS,500650.0
509,FAIRCHEMOR,543252.0
510,FINEORG,541557.0
511,FCL,533333.0
512,FOSECOIND,500150.0
513,GHCL,500171.0
514,GOACARBON,509567.0
515,GOCLCORP,506480.0
516,GODREJIND,500164.0
517,GULFPETRO,532543.0
518,GRAUWEIL,505710.0
519,GUJALKALI,530001.0
520,FLUOROCHEM,542812.0
521,GULFOILLUB,538567.0
522,GULPOLY,532457.0
523,HSCL,500184.0
524,HOCL,500449.0
525,HINDCON,
526,IGPL,500199.0
527,INDIAGLYCO,500201.0
528,IVP,507580.0
529,JAYAGROGN,524330.0
530,JOCIL,
531,JUBLINDS,533320.0
532,KANORICHEM,506525.0
533,KIRIINDUS,532967.0
534,LXCHEM,543277.0
535,LINDEINDIA,523457.0
536,MAHICKRA,
537,MFL,543332.0
538,NAVINFLUOR,532504.0
539,NEOGEN,542665.0
540,NOCIL,500730.0
541,OAL,500078.0
542,OCCL,506579.0
543,PHILIPCARB,506590.0
544,PIDILITIND,500331.0
545,PLASTIBLEN,523648.0
546,PODDARMENT,524570.0
547,PREMEXPLN,526247.0
548,PRIVISCL,530117.0
549,PROLIFE,
550,PUNJABCHEM,506618.0
551,REFEX,532884.0
552,ROSSARI,543213.0
553,SHK,539450.0
554,SANGINITA,
555,SEYAIND,524324.0
556,SHREEPUSHK,539334.0
557,SOLARINDS,532725.0
558,SRHHYPOLTD,532842.0
559,SUDARSCHEM,506655.0
560,TNPETRO,500777.0
561,TATACHEM,500770.0
562,TATVA,543321.0
563,TIRUMALCHM,500412.0
564,TIDEWATER,590005.0
565,UCL,
566,VSCL,
567,VALIANTORG,540145.0
568,VIDHIING,531717.0
569,VIKASWSP,519307.0
570,VINATIORGA,524200.0
571,VISHNU,516072.0
572,A2ZINFRA,533292.0
573,AARON,
574,ACE,532762.0
575,ADORWELD,517041.0
576,BEML,500048.0
577,BDL,541143.0
578,CARBORUNIV,513375.0
579,CEBBCO,533272.0
580,CUMMINSIND,500480.0
581,DENORA,590031.0
582,DYNAMATECH,505242.0
583,EIMCOELECO,523708.0
584,ELECON,505700.0
585,ELGIEQUIP,522074.0
586,ESABINDIA,500133.0
587,FELIX,
588,GMMPFAUDLR,505255.0
589,GRAPHITE,509488.0
590,GREAVESCOT,501455.0
591,GRINDWELL,506076.0
592,GUJAPOLLO,522217.0
593,HEG,509631.0
594,HERCULES,505720.0
595,HAL,541154.0
596,HLEGLAS,522215.0
597,INGERRAND,500210.0
598,ISGEC,533033.0
599,JASH,
600,KABRAEXTRU,524109.0
601,KENNAMET,505890.0
602,KIRLOSBROS,500241.0
603,KIRLOSENG,533293.0
604,KSB,500249.0
605,LATTEYS,
606,LOKESHMACH,532740.0
607,MANUGRAPH,505324.0
608,MAZDA,523792.0
609,NITINFIRE,532854.0
610,ORIENTABRA,504879.0
611,PITTIENG,513519.0
612,POWERMECH,539302.0
613,PRAJIND,522205.0
614,PREMIER,500540.0
615,REVATHI,505368.0
616,SANGHVIMOV,530073.0
617,SHAKTIPUMP,531431.0
618,SWARAJENG,500407.0
619,TEXRAIL,533326.0
620,THERMAX,500411.0
621,TIL,505196.0
622,TWL,532966.0
623,TRF,505854.0
624,UNIDT,522014.0
625,WABAG,533269.0
626,WALCHANNAG,507410.0
627,WENDT,505412.0
628,WINDMACHIN,522029.0
629,YUKEN,522108.0
630,COCHINSHIP,540678.0
631,GRSE,542011.0
632,MAZDOCK,543237.0
633,RNAVAL,533107.0
634,ASAHIINDIA,515030.0
635,BANARBEADS,526849.0
636,BOROLTD,543212.0
637,BORORENEW,502219.0
638,HINDNATGLS,515145.0
639,JIKIND,511618.0
640,LAOPALA,526947.0
641,GODFRYPHLP,500163.0
642,GOLDENTOBC,500151.0
643,ITC,500875.0
644,VSTIND,509966.0
645,BIGBLOC,540061.0
646,EVERESTIND,508906.0
647,HIL,509675.0
648,RAMCOIND,532369.0
649,VISAKAIND,509055.0
650,INDIGRID,
651,PGINVIT,543290.0
652,CEREBRAINT,532413.0
653,COMPINFO,532456.0
654,DLINKINDIA,533146.0
655,HCL-INSYS,500179.0
656,MRO-TEK,532376.0
657,PANACHE,
658,TVSELECT,532513.0
659,ASHOKLEY,500477.0
660,ATULAUTO,531795.0
661,BAJAJ-AUTO,532977.0
662,EICHERMOT,505200.0
663,ESCORTS,500495.0
664,FORCEMOT,500033.0
665,HEROMOTOCO,500182.0
666,HINDMOTORS,500500.0
667,M&M,500520.0
668,MARUTI,532500.0
669,SMLISUZU,505192.0
670,TATAMOTORS,500570.0
671,TATAMTRDVR,570001.0
672,TVSMOTOR,532343.0
673,VSTTILLERS,531266.0
674,INDIAMART,542726.0
675,NAUKRI,532777.0
676,JUSTDIAL,535648.0
677,NURECA,543264.0
678,ZOMATO,543320.0
679,ADANIGREEN,541450.0
680,ADANIPOWER,533096.0
681,ADANITRANS,539254.0
682,BFUTILITIE,532430.0
683,CESC,500084.0
684,ENERGYDEV,532219.0
685,GIPCL,517300.0
686,DPSCLTD,
687,INDOWIND,532894.0
688,IWEL,543297.0
689,JPPOWER,532627.0
690,JSWENERGY,533148.0
691,KARMAENG,533451.0
692,KKVAPOW,
693,NHPC,533098.0
694,NLCINDIA,513683.0
695,NTPC,532555.0
696,GREENPOWER,533263.0
697,POWERGRID,532898.0
698,RTNINDIA,534597.0
699,RTNPOWER,533122.0
700,RPOWER,532939.0
701,SJVN,533206.0
702,SOLEX,
703,TATAPOWER,500400.0
704,TORNTPOWER,532779.0
705,BIRET,543261.0
706,EMBASSY,
707,MINDSPACE,543217.0
708,3MINDIA,523395.0
709,ADANIENT,512599.0
710,AEGISCHEM,500003.0
711,AKG,
712,AMBICAAGAR,532335.0
713,ANIKINDS,519383.0
714,ANMOL,542437.0
715,ASPINWALL,
716,BALAXI,
717,BCONCEPTS,
718,CARTRADE,543333.0
719,CREATIVE,
720,DCI,
721,FCONSUMER,533400.0
722,HEXATRADEX,534328.0
723,KHAITANLTD,590068.0
724,KOTHARIPRO,530299.0
725,KRIDHANINF,533482.0
726,MMTC,513377.0
727,MSTCLTD,542597.0
728,OPTIEMUS,530135.0
729,PRAXIS,540901.0
730,PROINDIA,590057.0
731,PTC,532524.0
732,RMCL,532692.0
733,RAIN,500339.0
734,RAJMET,
735,REDINGTON,532805.0
736,STCINDIA,512531.0
737,SAKUMA,532713.0
738,SHANKARA,540425.0
739,SHIVAUM,
740,SHRENIK,
741,SHUBHLAXMI,
742,SICAGEN,533014.0
743,SIDDHIKA,
744,SIGIND,512131.0
745,SIRCA,
746,SHIL,542905.0
747,SIL,530017.0
748,STEELXIND,534748.0
749,SUULD,780011.0
750,SVPGLOB,505590.0
751,TEMBO,
752,UNIENTER,500429.0
753,URJA,526987.0
754,VAISHALI,
755,VCL,
756,VIKASLIFE,542655.0
757,VINYLINDIA,524129.0
758,VIVIDHA,506146.0
759,YAARII,533520.0
760,21STCENMGM,526921.0
761,3PLAND,516092.0
762,5PAISA,540776.0
763,AAVAS,541988.0
764,ABCAPITAL,540691.0
765,ALMONDZ,531400.0
766,ANGELBRKG,543235.0
767,APTUS,543335.0
768,ARMANFIN,531179.0
769,ASCOM,
770,AUSOMENT,509009.0
771,BAJFINANCE,500034.0
772,BAJAJFINSV,532978.0
773,BAJAJHLDNG,500490.0
774,BFINVEST,533303.0
775,BLBLIMITED,532290.0
776,BLUECHIP,531936.0
777,CANFINHOME,511196.0
778,CAPTRUST,511505.0
779,CGCL,531595.0
780,CENTRUM,501150.0
781,CHOLAHLDNG,504973.0
782,CHOLAFIN,511243.0
783,CONSOFINVT,500226.0
784,CORALFINAC,531556.0
785,CREDITACC,541770.0
786,CREST,511413.0
787,DCMFINSERV,511611.0
788,DELPHIFX,533452.0
789,DHANI,532960.0
790,DHUNINV,533336.0
791,DOLAT,505526.0
792,EDELWEISS,532922.0
793,EQUITAS,539844.0
794,GANGESSECU,540647.0
795,GFLLIMITED,500173.0
796,GICHSGFIN,511676.0
797,GLFL,500174.0
798,GUJSTATFIN,532160.0
799,HDFC,500010.0
800,HUDCO,540530.0
801,HBSL,532216.0
802,HDFCAMC,541729.0
803,HOMEFIRST,543259.0
804,IDFC,532659.0
805,IRFC,543257.0
806,ICDSLTD,511194.0
807,ISEC,541179.0
808,IFCI,500106.0
809,IIFL,532636.0
810,IIFLSEC,542773.0
811,IIFLWAM,542772.0
812,IVC,511208.0
813,IBULHSGFIN,535789.0
814,IITL,501295.0
815,INDOTHAI,533676.0
816,INDOSTAR,541336.0
817,INVENTURE,533506.0
818,JPOLYINVST,536773.0
819,JMFINANCIL,523405.0
820,JSWHL,532642.0
821,KICL,533302.0
822,KEYFINSERV,512597.0
823,KHANDSE,531892.0
824,KIRLOSIND,500243.0
825,L&TFH,533519.0
826,LFIC,
827,LICHSGFIN,500253.0
828,M&MFIN,532720.0
829,MAHSCOOTER,500266.0
830,MAHAPEXLTD,523384.0
831,MANAPPURAM,531213.0
832,MASFIN,540749.0
833,MASKINVEST,
834,MFSL,500271.0
835,MAXVIL,539940.0
836,MCDHOLDING,532852.0
837,MOTILALOFS,532892.0
838,MOTOGENFIN,501343.0
839,MUTHOOTCAP,511766.0
840,MUTHOOTFIN,533398.0
841,NDGL,
842,NAGREEKCAP,532895.0
843,NAHARCAP,532952.0
844,NSIL,532256.0
845,NBIFIN,
846,NAM-INDIA,540767.0
847,ONELIFECAP,533632.0
848,BINDALAGRO,539290.0
849,PAISALO,532900.0
850,PALASHSECU,540648.0
851,SRGINFOTEC,511525.0
852,PILANIINVS,539883.0
853,PNBGILTS,532366.0
854,PNBHOUSING,540173.0
855,POONAWALLA,524000.0
856,PFC,532810.0
857,PRIMESECU,500337.0
858,PFS,533344.0
859,RANEHOLDIN,505800.0
860,RECLTD,532955.0
861,RELCAPITAL,500111.0
862,RHFL,540709.0
863,RELIGARE,532915.0
864,REPCOHOME,535322.0
865,SASTASUNDR,533259.0
866,SATIN,539404.0
867,SBICARD,543066.0
868,SHAREINDIA,540725.0
869,SHRIRAMCIT,532498.0
870,SRTRANSFIN,511218.0
871,SILINV,521194.0
872,SMARTLINK,532419.0
873,SMCGLOBAL,543263.0
874,SPANDANA,542759.0
875,SREINFRA,523756.0
876,SCAPDVR,570005.0
877,STAMPEDE,531723.0
878,STEL,533316.0
879,SUMMITSEC,533306.0
880,SUNDARMHLD,
881,SUNDARMFIN,590071.0
882,TATAINVEST,501301.0
883,TCIFINANCE,501242.0
884,THEINVEST,530023.0
885,TIMESGTY,511559.0
886,TFCILTD,526650.0
887,TFL,532812.0
888,UGROCAP,511742.0
889,UJJIVAN,539874.0
890,UTIAMC,543238.0
891,VHL,500439.0
892,VIJIFIN,537820.0
893,VLSFINANCE,511333.0
894,WEALTH,
895,WELINV,533252.0
896,WILLAMAGOR,519224.0
897,AARVI,
898,AILIMITED,
899,ACEINTEG,
900,AFFLE,542752.0
901,AGRITECH,537292.0
902,AIROLAM,
903,AJOONI,
904,AWHCL,543254.0
905,APEX,540692.0
906,ADL,543231.0
907,ARCHIDPLY,532994.0
908,AROGRANITE,513729.0
909,AVANTIFEED,512573.0
910,BANKA,
911,BSHSL,
912,BSE,
913,CDSL,
914,CAMS,543232.0
915,CENTURYPLY,532548.0
916,CONFIPET,526829.0
917,CONTI,
918,COX&KINGS,533144.0
919,CROWN,
920,CUPID,530843.0
921,DRCSYSTEMS,543268.0
922,DREDGECORP,523618.0
923,EASEMYTRIP,543272.0
924,FMNL,533296.0
925,GKWLIMITED,504704.0
926,GODREJAGRO,540743.0
927,GREENLAM,538979.0
928,GREENPANEL,542857.0
929,GREENPLY,526797.0
930,GUJGASLTD,539336.0
931,IEX,540750.0
932,JINDALPHOT,532624.0
933,JIYAECO,539225.0
934,JUBLINGREA,543271.0
935,KAPSTON,
936,KSCL,532899.0
937,KEERTI,
938,KTIL,533289.0
939,MADHAV,515093.0
940,MANGTIMBER,516007.0
941,MATRIMONY,540704.0
942,MAXIND,543223.0
943,MILTON,
944,MITCON,
945,MODIRUBBER,500890.0
946,MCX,534091.0
947,NATHBIOGEN,537291.0
948,NAVKARCORP,539332.0
949,NESCO,505355.0
950,NETWORK18,532798.0
951,OMFURN,
952,ORIENTALTL,532817.0
953,PARTYCRUS,
954,PAVNAIND,
955,POKARNA,532486.0
956,PRESSMN,509077.0
957,PTL,509220.0
958,RUCHINFRA,509020.0
959,RUSHIL,533470.0
960,SECURCRED,
961,OSWALSEEDS,
962,SIS,540673.0
963,SORILINFRA,532679.0
964,SPARC,532872.0
965,HAVISHA,531322.0
966,STYLAMIND,526951.0
967,SUVIDHAA,543281.0
968,TCIEXP,540212.0
969,TEAMLEASE,539658.0
970,THOMASCOOK,500413.0
971,TOTAL,
972,TIINDIA,540762.0
973,UNIVPHOTO,542933.0
974,VENKEYS,523261.0
975,VERTOZ,
976,VIKASPROP,531518.0
977,VIMTALABS,524394.0
978,WIPL,
979,WATERBASE,523660.0
980,BAGFILMS,532507.0
981,BALAJITELE,532382.0
982,BTML,
983,CINELINE,532807.0
984,CINEVISTA,532324.0
985,CREATIVEYE,532392.0
986,DELTACORP,532848.0
987,DEN,533137.0
988,DGCONTENT,542685.0
989,DISHTV,532839.0
990,DQE,533176.0
991,DALALSTCOM,526677.0
992,ENIL,532700.0
993,EROSMEDIA,533261.0
994,GTPL,540602.0
995,HATHWAY,533162.0
996,IMAGICAA,539056.0
997,INOXLEISUR,532706.0
998,JAINSTUDIO,532033.0
999,JUMPNET,531337.0
1000,MPTODAY,
1001,MUKTAARTS,532357.0
1002,RADIOCITY,540366.0
1003,NEXTMEDIA,532416.0
1004,NXTDIGITAL,500189.0
1005,ORTEL,539015.0
1006,PFOCUS,532748.0
1007,PNC,532387.0
1008,PVR,532689.0
1009,RADAAN,590070.0
1010,RAJTV,532826.0
1011,SAREGAMA,532163.0
1012,SHEMAROO,538685.0
1013,SILLYMONKS,
1014,SITINET,532795.0
1015,SABTN,530943.0
1016,SUNTV,532733.0
1017,TIPSINDLTD,532375.0
1018,TOUCHWOOD,
1019,TVVISION,540083.0
1020,TV18BRDCST,532800.0
1021,WONDERLA,538268.0
1022,ZEEL,505537.0
1023,ZEEMEDIA,532794.0
1024,BPCL,500547.0
1025,CHENNPETRO,500110.0
1026,HINDPETRO,500104.0
1027,IOC,530965.0
1028,MRPL,500109.0
1029,RELIANCE,500325.0
1030,AIAENG,532683.0
1031,BHARATFORG,500493.0
1032,DCM,502820.0
1033,ELECTCAST,500128.0
1034,GANGAFORGE,
1035,HILTON,532847.0
1036,JAYNECOIND,522285.0
1037,KALYANIFRG,513509.0
1038,LAKPRE,506079.0
1039,LGBFORGE,533007.0
1040,MMFL,522241.0
1041,MAHINDCIE,532756.0
1042,METALFORGE,513335.0
1043,NELCAST,532864.0
1044,RKFORGE,532527.0
1045,SONACOMS,543300.0
1046,STERTOOLS,530759.0
1047,SUNDRMFAST,500403.0
1048,SGIL,541929.0
1049,TIRUPATIFL,
1050,ALCHEM,526707.0
1051,ANDHRSUGAR,590062.0
1052,ANDREWYU,526173.0
1053,BALMLAWRIE,523319.0
1054,BBTC,501425.0
1055,DCMSHRIRAM,523367.0
1056,GILLANDERS,532716.0
1057,KESORAMIND,502937.0
1058,NBVENTURES,513023.0
1059,QUESS,539978.0
1060,SURANAT&P,517530.0
1061,EVEREADY,531508.0
1062,HBLPOWER,517271.0
1063,NIPPOBATRY,504058.0
1064,AKSHOPTFBR,532351.0
1065,BCP,537766.0
1066,BIRLACABLE,500060.0
1067,CMICABLES,517330.0
1068,CORDSCABLE,532941.0
1069,DIAPOWER,522163.0
1070,FINCABLES,500144.0
1071,GEEKAYWIRE,
1072,GODHA,
1073,KEI,517569.0
1074,PARACABLES,530555.0
1075,POLYCAB,542652.0
1076,STLTECH,532374.0
1077,TNTELE,523419.0
1078,UNIVCABLES,504212.0
1079,VMARCIND,
1080,VINDHYATEL,517015.0
1081,APOLLOPIPE,531761.0
1082,ARROWGREEN,516064.0
1083,ASTRAL,532830.0
1084,AVROIND,
1085,AVSL,
1086,BEARDSELL,539447.0
1087,FINPIPE,500940.0
1088,JAICORPLTD,512237.0
1089,JISLDVREQS,570004.0
1090,JISLJALEQS,500219.0
1091,KINGFA,524019.0
1092,KSHITIJPOL,
1093,MAHEPC,523754.0
1094,MAYURUNIQ,522249.0
1095,MOLDTKPAC,533080.0
1096,NILKAMAL,523385.0
1097,PEARLPOLY,523260.0
1098,PILITA,500327.0
1099,PPL,542684.0
1100,PREMIERPOL,514354.0
1101,PRINCEPIPE,542907.0
1102,RMDRIP,
1103,RESPONIND,505509.0
1104,SAFARI,523025.0
1105,SANCO,532120.0
1106,SPTL,540653.0
1107,SMVD,
1108,SUPREMEIND,509930.0
1109,TAINWALCHM,507785.0
1110,TEXMOPIPES,533164.0
1111,TIJARIA,533629.0
1112,TIMETECHNO,532856.0
1113,TOKYOPLAST,500418.0
1114,VIPIND,507880.0
1115,VIKASECO,530961.0
1116,XPROINDIA,590013.0
1117,AGARIND,531921.0
1118,BEPL,500052.0
1119,DCW,500117.0
1120,DVL,523736.0
1121,INEOSSTYRO,506222.0
1122,KOTHARIPET,532096.0
1123,MANALIPETC,500268.0
1124,PANAMAPET,524820.0
1125,SOTL,524667.0
1126,SUPPETRO,500405.0
1127,ABINFRA,
1128,AKASH,
1129,ARSSINFRA,533163.0
1130,ARTNIRMAN,
1131,BLKASHYAP,532719.0
1132,BRNL,540700.0
1133,BSELINFRA,532123.0
1134,CANDC,532813.0
1135,CCCL,532902.0
1136,CMMIPL,
1137,DRL,
1138,GANESHHOUC,526367.0
1139,GAYAHWS,541546.0
1140,GAYAPROJ,532767.0
1141,GENCON,539407.0
1142,GIRIRAJ,
1143,GPTINFRA,533761.0
1144,HGINFRA,541019.0
1145,HCC,500185.0
1146,INDIANHUME,504741.0
1147,SUBCAPCITY,
1148,ITDCEM,509496.0
1149,JMCPROJECT,522263.0
1150,JPASSOCIAT,532532.0
1151,KNRCON,532942.0
1152,LODHA,543287.0
1153,MADHUCON,531497.0
1154,MAHLIFE,532313.0
1155,MANINFRA,533169.0
1156,MANAV,
1157,MBLINFRA,533152.0
1158,NCC,500294.0
1159,NILAINFRA,530377.0
1160,NILASPACES,542231.0
1161,NIRAJ,532986.0
1162,PBAINFRA,532676.0
1163,PARSVNATH,532780.0
1164,PATELENG,531120.0
1165,PNCINFRA,539150.0
1166,PSPPROJECT,540544.0
1167,PUNJLLOYD,532693.0
1168,RVNL,542649.0
1169,RAMKY,533262.0
1170,RKEC,
1171,RPPINFRA,533284.0
1172,REPL,
1173,SSINFRA,
1174,SADBHAV,532710.0
1175,SADBHIN,539346.0
1176,SETUINFRA,533605.0
1177,SIMPLEXINF,523838.0
1178,SKIL,539861.0
1179,UNIVASTU,
1180,VASCONEQ,533156.0
1181,WELENT,532553.0
1182,ADFFOODS,519183.0
1183,BAJAJCON,533229.0
1184,BRITANNIA,500825.0
1185,CLSEL,530307.0
1186,COLPAL,500830.0
1187,DABUR,500096.0
1188,DANGEE,
1189,DFMFOODS,519588.0
1190,DODLA,543306.0
1191,EMAMILTD,531162.0
1192,EIFFL,
1193,GALAXYSURF,540935.0
1194,GILLETTE,507815.0
1195,GODREJCP,532424.0
1196,HATSUN,531531.0
1197,HERITGFOOD,519552.0
1198,HINDUNILVR,500696.0
1199,HNDFDS,519126.0
1200,JHS,532771.0
1201,JYOTHYLAB,532926.0
1202,KAYA,539276.0
1203,KRBL,530813.0
1204,DAAWAT,532783.0
1205,MARICO,531642.0
1206,BECTORFOOD,543253.0
1207,NGIL,541418.0
1208,NARMADA,
1209,NESTLEIND,500790.0
1210,PGHH,500459.0
1211,PARAGMILK,539889.0
1212,DIAMONDYD,540724.0
1213,SANWARIA,519260.0
1214,SARVESHWAR,
1215,SKMEGGPROD,532143.0
1216,TASTYBITE,519091.0
1217,UMANGDAIRY,500231.0
1218,VADILALIND,519156.0
1219,VBL,540180.0
1220,WALPAR,
1221,ZYDUSWELL,531335.0
1222,ACCURACY,
1223,ALLCARGO,532749.0
1224,ARSHIYA,506074.0
1225,AVG,
1226,BLUEDART,526612.0
1227,CONCOR,531344.0
1228,DRSDILIP,
1229,FSC,540798.0
1230,GDL,532622.0
1231,GATI,532345.0
1232,JALAN,
1233,JITFINFRA,540311.0
1234,MAHESHWARI,
1235,MAHLOG,540768.0
1236,NECCLTD,534615.0
1237,PATINTLOG,526381.0
1238,SVLL,
1239,SICAL,520086.0
1240,SNOWMAN,538635.0
1241,TARACHAND,
1242,TCI,532349.0
1243,VRLLOG,539118.0
1244,BURGERKING,543248.0
1245,COFFEEDAY,539436.0
1246,DEVYANI,543330.0
1247,JUBLFOOD,533155.0
1248,WESTLIFE,505533.0
1249,AKZOINDIA,500710.0
1250,ASIANPAINT,500820.0
1251,BERGEPAINT,509480.0
1252,INDIGOPNTS,543258.0
1253,KANSAINER,500165.0
1254,SHALPAINTS,509874.0
1255,AMDIND,532828.0
1256,BKMINDST,539043.0
1257,CONTROLPR,522295.0
1258,COSMOFILMS,508814.0
1259,EMMBI,533161.0
1260,EPL,500135.0
1261,ESTER,500136.0
1262,EKC,532684.0
1263,FLEXITUFF,533638.0
1264,GUJRAFFIA,523836.0
1265,HITECHCORP,526217.0
1266,HUHTAMAKI,509820.0
1267,JINDALPOLY,500227.0
1268,KANPRPLA,507779.0
1269,NAHARPOLY,523391.0
1270,ORICONENT,513121.0
1271,ORIENTLTD,526325.0
1272,POLYPLEX,524051.0
1273,RPPL,
1274,ROLLT,502448.0
1275,SHREERAMA,532310.0
1276,TCPLPACK,523301.0
1277,TPLPLASTEH,526582.0
1278,UFLEX,500148.0
1279,AAKASH,
1280,ALPHAGEO,526397.0
1281,JINDRILL,511034.0
1282,AGROPHOS,
1283,ARIES,532935.0
1284,BOHRA,
1285,CHAMBLFERT,500085.0
1286,COROMANDEL,506395.0
1287,FACT,590024.0
1288,GNFC,500670.0
1289,GSFC,500690.0
1290,KHAICHEM,507794.0
1291,KRISHANA,
1292,MBAPL,
1293,MADRASFERT,590134.0
1294,MANGCHEFER,530011.0
1295,NAGAFERT,539917.0
1296,NFL,523630.0
1297,RCF,524230.0
1298,SPIC,590030.0
1299,ZUARI,534742.0
1300,HSIL,500187.0
1301,GOKEX,532630.0
1302,KPRMILL,532889.0
1303,KKCL,532732.0
1304,KITEX,521248.0
1305,PAGEIND,532827.0
1306,PGIL,532808.0
1307,RUPA,533552.0
1308,ZODIACLOTH,521163.0
1309,CAREERP,533260.0
1310,CLEDUCATE,540403.0
1311,GLOBAL,
1312,MTEDUCARE,534312.0
1313,TREEHOUSE,533540.0
1314,CARERATING,534804.0
1315,CRISIL,500092.0
1316,ICRA,532835.0
1317,APOLLOTYRE,500877.0
1318,BALKRISIND,502355.0
1319,BIRLATYRE,542932.0
1320,CEATLTD,500878.0
1321,GOODYEAR,500168.0
1322,INNOVATIVE,
1323,JKTYRE,530007.0
1324,MRF,500290.0
1325,TVSSRICHAK,509243.0
1326,NIBL,535458.0
1327,SCHAEFFLER,505790.0
1328,SKFINDIA,500472.0
1329,DIGISPICE,517214.0
1330,BATAINDIA,500043.0
1331,BIL,526666.0
1332,KHADIM,540775.0
1333,LIBERTSHOE,526596.0
1334,MIRZAINT,526642.0
1335,RELAXO,530517.0
1336,SREEL,535601.0
1337,SUPERHOUSE,523283.0
1338,AARVEEDEN,514274.0
1339,AICHAMP,532806.0
1340,ALOKINDS,521070.0
1341,ALPSINDUS,530715.0
1342,AMBIKCO,531978.0
1343,ARVIND,500101.0
1344,ASHIMASYN,514286.0
1345,AYMSYNTEX,508933.0
1346,BANG,532946.0
1347,BASML,532674.0
1348,BANSWRAS,503722.0
1349,BHANDARI,512608.0
1350,BOMDYEING,500020.0
1351,BRFL,532678.0
1352,BSL,514045.0
1353,CANTABIL,533267.0
1354,CELEBRITY,532695.0
1355,CENTENKA,500280.0
1356,CNOVAPETRO,533407.0
1357,DAMODARIND,521220.0
1358,DCMNVL,542729.0
1359,DOLLAR,541403.0
1360,DONEAR,512519.0
1361,ELAND,532820.0
1362,EASTSILK,590022.0
1363,EUROTEXIND,521014.0
1364,FILATEX,526227.0
1365,GANECOS,514167.0
1366,GANGOTRI,521176.0
1367,GARFIBRES,509557.0
1368,GINNIFILA,590025.0
1369,GLOBE,
1370,GRASIM,500300.0
1371,GRETEX,
1372,GTNIND,500170.0
1373,GTNTEX,532744.0
1374,HIMATSEIDE,514043.0
1375,INDIANCARD,509692.0
1376,INDTERRAIN,533329.0
1377,ICIL,521016.0
1378,INDORAMA,500207.0
1379,INTEGRA,535958.0
1380,IRISDOREME,
1381,JAKHARIA,
1382,JBFIND,514034.0
1383,JETKNIT,
1384,JINDCOT,533103.0
1385,JINDWORLD,531543.0
1386,LAGNAM,
1387,LAXMIMACH,500252.0
1388,LAMBODHARA,590075.0
1389,LAXMICOT,
1390,LIBAS,
1391,LOVABLE,533343.0
1392,LUXIND,539542.0
1393,MARALOVER,521018.0
1394,MDL,
1395,MITTAL,
1396,MHHL,
1397,MOHITIND,531453.0
1398,MOHOTAIND,530047.0
1399,MONTECARLO,538836.0
1400,MORARJEE,532621.0
1401,NAGREEKEXP,521109.0
1402,NAHARINDUS,519136.0
1403,NAHARSPING,500296.0
1404,NDL,532641.0
1405,JAIPURKURT,
1406,NITINSPIN,532698.0
1407,ORBTEXP,512626.0
1408,PASHUPATI,
1409,PATSPINLTD,514326.0
1410,PDSMFL,538730.0
1411,PIONEEREMB,514300.0
1412,PRADIP,533178.0
1413,PRECOT,521184.0
1414,PRITI,
1415,RAJRAYON,530699.0
1416,RAJVIR,532665.0
1417,RAMGOPOLY,514223.0
1418,RAYMOND,500330.0
1419,RSWM,500350.0
1420,RUBYMILLS,503169.0
1421,SPAL,540048.0
1422,SALONA,590056.0
1423,SANGAMIND,514234.0
1424,SARLAPOLY,526885.0
1425,SFL,540203.0
1426,SPYL,533301.0
1427,SHIVAMILLS,540961.0
1428,SHIVATEX,511108.0
1429,SINTEX,502742.0
1430,SIYSIL,503811.0
1431,SKSTEXTILE,
1432,SOMATEX,521034.0
1433,SPENTEX,521082.0
1434,SPLIL,532651.0
1435,SRF,503806.0
1436,SGL,532730.0
1437,SUMEETINDS,514211.0
1438,SUPERSPIN,521180.0
1439,SURYALAXMI,521200.0
1440,SUTLEJTEX,532782.0
1441,SWANENERGY,503310.0
1442,TTL,514142.0
1443,TCNSBRANDS,541700.0
1444,THOMASCOTT,533941.0
1445,TRIDENT,521064.0
1446,UNITEDPOLY,
1447,VARDHACRLC,
1448,VARDMNPOLY,514175.0
1449,VTL,502986.0
1450,VIPCLOTHNG,532613.0
1451,VISHAL,538598.0
1452,WEIZMANIND,523011.0
1453,WELSPUNIND,514162.0
1454,ZENITHEXPO,512553.0
1455,ASIANTILES,532888.0
1456,CERA,532443.0
1457,EXXARO,543327.0
1458,KAJARIACER,500233.0
1459,LEXUS,
1460,MURUDCERA,515037.0
1461,NITCO,532722.0
1462,ORIENTBELL,530365.0
1463,REGENCERAM,515018.0
1464,SOMANYCERA,531548.0
1465,ASTRAMICRO,532493.0
1466,GTL,500160.0
1467,GTLINFRA,532775.0
1468,INDUSTOWER,534816.0
1469,ITI,523610.0
1470,KAVVERITEL,590041.0
1471,NELCO,504112.0
1472,OLECTRA,532439.0
1473,SHYAMTEL,517411.0
1474,GLOBALVECT,532773.0
1475,INDIGO,539448.0
1476,JETAIRWAYS,532617.0
1477,JETFREIGHT,
1478,SPICEJET,500285.0
1479,ASALCBR,507526.0
1480,AURDIS,
1481,GMBREW,507488.0
1482,GLOBUSSPR,533104.0
1483,IFBAGRO,507438.0
1484,PIONDIST,531879.0
1485,RADICO,532497.0
1486,RKDL,533294.0
1487,SDBL,507514.0
1488,TI,507205.0
1489,UBL,532478.0
1490,MCDOWELL-N,532432.0
1491,BHARTIARTL,532454.0
1492,MTNL,500108.0
1493,ONMOBILE,532944.0
1494,RAILTEL,543265.0
1495,RCOM,532712.0
1496,TATACOMM,500483.0
1497,TTML,532371.0
1498,TEJASNET,540595.0
1499,UNIINFO,
1500,IDEA,532822.0
1501,APOLLOHOSP,508869.0
1502,ARTEMISMED,542919.0
1503,ASTERDM,540975.0
1504,LALPATHLAB,539524.0
1505,FORTIS,532843.0
1506,HCG,539787.0
1507,INDRAMEDCO,532150.0
1508,KOVAI,523323.0
1509,KIMS,543308.0
1510,KRSNAA,543328.0
1511,LOTUSEYE,532998.0
1512,MAXHEALTH,543220.0
1513,METROPOLIS,542650.0
1514,NH,539551.0
1515,OPTOCIRCUI,532391.0
1516,POLYMED,531768.0
1517,SHALBY,540797.0
1518,THYROCARE,539871.0
1519,AHLUCONT,532811.0
1520,AJMERA,513349.0
1521,AMJLAND,500343.0
1522,ANANTRAJ,515055.0
1523,ANSALHSG,507828.0
1524,ANSALAPI,500013.0
1525,ARIHANT,531381.0
1526,ARIHANTSUP,506194.0
1527,ARVSMART,539301.0
1528,ASHIANA,523716.0
1529,BHAGYAPROP,540621.0
1530,BRIGADE,532929.0
1531,CAPACITE,540710.0
1532,COUNCODOS,531624.0
1533,DBREALTY,533160.0
1534,DLF,532868.0
1535,EMAMIREAL,533218.0
1536,GRINFRA,543317.0
1537,GEECEE,532764.0
1538,GODREJPROP,533150.0
1539,HDIL,532873.0
1540,HEMIPROP,543242.0
1541,HUBTOWN,532799.0
1542,IBREALEST,532832.0
1543,KARDA,541161.0
1544,KAUSHALYA,532925.0
1545,KOLTEPATIL,532924.0
1546,LPDC,533012.0
1547,MARATHON,503101.0
1548,NBCC,534309.0
1549,NITESHEST,533202.0
1550,OBEROIRLTY,533273.0
1551,OMAXE,532880.0
1552,OSWALAGRO,500317.0
1553,PENINLAND,503031.0
1554,PHOENIXLTD,503100.0
1555,PODDARHOUS,523628.0
1556,PRAENG,531746.0
1557,PRESTIGE,533274.0
1558,PROZONINTU,534675.0
1559,PURVA,532891.0
1560,PVP,517556.0
1561,RVHL,543251.0
1562,SECL,
1563,SHRADHA,
1564,SOBHA,532784.0
1565,SPMLINFRA,500402.0
1566,SUMIT,
1567,SUNTECK,512179.0
1568,TARC,543249.0
1569,TARMAT,532869.0
1570,TCIDEVELOP,533393.0
1571,TECHIN,526576.0
1572,TEXINFRA,505400.0
1573,UNITECH,507878.0
1574,VIPULLTD,511726.0
1575,ZUARIGLOB,500780.0
1576,AVADHSUGAR,540649.0
1577,BAJAJHIND,500032.0
1578,BALRAMCHIN,500038.0
1579,BANARISUG,500041.0
1580,DALMIASUG,500097.0
1581,DHAMPURSUG,500119.0
1582,DHARSUGAR,507442.0
1583,DWARKESH,532610.0
1584,EIDPARRY,500125.0
1585,KCPSUGIND,533192.0
1586,KESARENT,507180.0
1587,KMSUGAR,532673.0
1588,KOTARISUG,507190.0
1589,MAGADSUGAR,540650.0
1590,MAWANASUG,523371.0
1591,PONNIERODE,532460.0
1592,RAJSREESUG,500354.0
1593,RANASUG,507490.0
1594,SAKHTISUG,507315.0
1595,RENUKA,532670.0
1596,SIMBHALS,539742.0
1597,TRIVENI,532356.0
1598,UGARSUGAR,530363.0
1599,UTTAMSUGAR,532729.0
1600,VISHWARAJ,542852.0
1601,ACRYSIL,524091.0
1602,AMBER,540902.0
1603,BAJAJELEC,500031.0
1604,BLUESTARCO,500067.0
1605,BPL,500074.0
1606,BUTTERFLY,517421.0
1607,DELTAMAGNT,504286.0
1608,DIXON,540699.0
1609,EUROMULTI,533109.0
1610,GENUSPOWER,530343.0
1611,HIRECT,504036.0
1612,HONAUT,517174.0
1613,IFBIND,505726.0
1614,JCHAC,523398.0
1615,KDDL,532054.0
1616,MIRCELECTR,500279.0
1617,ORIENTELEC,541301.0
1618,PGEL,533581.0
1619,SALORAINTL,500370.0
1620,SONAMCLOCK,
1621,STOVEKRAFT,543260.0
1622,SYMPHONY,517385.0
1623,TTKPRESTIG,517506.0
1624,VOLTAS,500575.0
1625,WHIRLPOOL,500238.0
1626,DSML,
1627,EMKAYTOOLS,
1628,HMT,500191.0
1629,ICEMAKE,
1630,MACPOWER,
1631,MARSHALL,
1632,MBECL,532629.0
1633,MOLDTECH,526263.0
1634,MTARTECH,543270.0
1635,OMINFRAL,531092.0
1636,PERFECT,
1637,SKIPPER,538562.0
1638,SWSOLAR,542760.0
1639,ANUP,542460.0
1640,THEJO,
1641,TRANSWIND,
1642,GICRE,540755.0
1643,HDFCLIFE,540777.0
1644,ICICIGI,540716.0
1645,ICICIPRULI,540133.0
1646,NIACL,540769.0
1647,SBILIFE,540719.0
1648,AHLADA,
1649,ANKITMETAL,532870.0
1650,APLAPOLLO,533758.0
1651,BEDMUTHA,533270.0
1652,BHARATWIRE,539799.0
1653,DPWIRES,
1654,ELECTHERM,526608.0
1655,GALLISPAT,533265.0
1656,GALLANTT,532726.0
1657,GANDHITUBE,513108.0
1658,GPIL,532734.0
1659,GOODLUCK,530655.0
1660,GFSTEELS,513343.0
1661,GAL,533275.0
1662,HITECH,
1663,HISARMETAL,590018.0
1664,INCREDIBLE,538365.0
1665,ISMTLTD,532479.0
1666,JAIBALAJI,532976.0
1667,JINDALSAW,500378.0
1668,JSL,532508.0
1669,JSLHISAR,539597.0
1670,JINDALSTEL,532286.0
1671,JSWISPL,513446.0
1672,JSWSTEEL,500228.0
1673,KSL,500235.0
1674,KAMDHENU,532741.0
1675,KIRLFER,500245.0
1676,KRITIKA,
1677,LSIL,539992.0
1678,MAHSEAMLES,500265.0
1679,MAHASTEEL,513554.0
1680,MANINDS,513269.0
1681,MANAKCOAT,539046.0
1682,MANAKSTEEL,539044.0
1683,MIDHANI,541195.0
1684,MSPL,532650.0
1685,MUKANDLTD,500460.0
1686,NATNLSTEEL,513179.0
1687,OILCOUNTUB,500313.0
1688,PENIND,513228.0
1689,PRAKASH,506022.0
1690,PRAKASHSTL,533239.0
1691,RAJRATAN,517522.0
1692,RAMASTEEL,539309.0
1693,RATNAMANI,520111.0
1694,SAIL,500113.0
1695,SALSTEEL,532604.0
1696,SALASAR,540642.0
1697,SARDAEN,504614.0
1698,SATHAISPAT,526093.0
1699,SHAHALLOYS,513436.0
1700,SHYAMMETL,543299.0
1701,SRIPIPES,513605.0
1702,SUNFLAG,500404.0
1703,SUPREMEENG,
1704,SURANI,
1705,SURYAROSNI,500336.0
1706,TATAMETALI,513434.0
1707,TATASTEEL,500470.0
1708,TATASTLBSL,500055.0
1709,TATASTLLP,513010.0
1710,TIIL,532804.0
1711,USHAMART,517146.0
1712,UTTAMSTL,513216.0
1713,VSSL,534392.0
1714,VASWANI,533576.0
1715,VISASTEEL,532721.0
1716,WELCORP,532144.0
1717,ZENITHSTL,531845.0
1718,CYBERMEDIA,532640.0
1719,ABFRL,535755.0
1720,ARCHIES,532212.0
1721,ARVINDFASN,542484.0
1722,DMART,540376.0
1723,FELDVR,570002.0
1724,FEL,523574.0
1725,FLFL,536507.0
1726,FRETAIL,540064.0
1727,TMRVL,540210.0
1728,OSIAHYPER,
1729,SHOPERSTOP,532638.0
1730,SPENCERS,542337.0
1731,TRENT,500251.0
1732,VMART,534976.0
1733,V2RETAIL,532867.0
1734,ALICON,531147.0
1735,AMARAJABAT,500008.0
1736,ASLIND,
1737,AUTOIND,532797.0
1738,AUTOLITIND,500029.0
1739,AUTOAXLES,505010.0
1740,ASAL,520119.0
1741,BANCOINDIA,500039.0
1742,BHARATGEAR,505688.0
1743,BOSCHLTD,500530.0
1744,CRAFTSMAN,543276.0
1745,ENDURANCE,540153.0
1746,EXIDEIND,500086.0
1747,FMGOETZE,505744.0
1748,FIEMIND,532768.0
1749,GABRIEL,505714.0
1750,GNA,540124.0
1751,HINDCOMPOS,509635.0
1752,IGARASHI,517380.0
1753,IMPAL,590065.0
1754,INDNIPPON,532240.0
1755,JAMNAAUTO,520051.0
1756,JAYBARMARU,520066.0
1757,JBMA,532605.0
1758,JMTAUTOLTD,513691.0
1759,JTEKTINDIA,520057.0
1760,JMA,532420.0
1761,LGBBROSLTD,500250.0
1762,LUMAXTECH,532796.0
1763,LUMAXIND,517206.0
1764,MENONBE,523828.0
1765,MINDACORP,538962.0
1766,MINDAIND,532539.0
1767,MOTHERSUMI,517334.0
1768,MUNJALAU,520059.0
1769,MUNJALSHOW,520043.0
1770,NDRAUTO,543214.0
1771,NRBBEARING,530367.0
1772,OMAXAUTO,520021.0
1773,PAEL,517230.0
1774,PPAP,532934.0
1775,PRECAM,539636.0
1776,PRICOLLTD,540293.0
1777,PRITIKAUTO,539359.0
1778,RML,532661.0
1779,RBL,532987.0
1780,RANEENGINE,532988.0
1781,REMSONSIND,530919.0
1782,RICOAUTO,520008.0
1783,ROLEXRINGS,543325.0
1784,SANDHAR,541163.0
1785,SETCO,505075.0
1786,SHANTIGEAR,522034.0
1787,SHARDAMOTR,535602.0
1788,SHIVAMAUTO,532776.0
1789,SHRIPISTON,
1790,SINTERCOM,
1791,SSWL,513262.0
1792,SUBROS,517168.0
1793,SUNDRMBRAK,590072.0
1794,SUNCLAYLTD,520056.0
1795,SUPRAJIT,532509.0
1796,TALBROAUTO,505160.0
1797,HITECHGEAR,522073.0
1798,TIMKEN,522113.0
1799,UCALFUEL,500464.0
1800,UWCSL,
1801,VARROC,541578.0
1802,WABCOINDIA,533023.0
1803,WHEELS,590073.0
1804,ADVANIHOTR,523269.0
1805,APOLSINHOT,
1806,AHLEAST,533227.0
1807,ASIANHOTNR,500023.0
1808,AHLWEST,533221.0
1809,BARBEQUE,543283.0
1810,BLUECOAST,531495.0
1811,CHALET,542399.0
1812,CCHHL,526550.0
1813,EIHOTEL,500840.0
1814,EIHAHOTELS,523127.0
1815,HLVLTD,500193.0
1816,HOTELRUGBY,526683.0
1817,ITDC,532189.0
1818,INDHOTEL,500850.0
1819,KAMATHOTEL,526668.0
1820,KHFM,
1821,LEMONTREE,541233.0
1822,MHRIL,533088.0
1823,ORIENTHOT,500314.0
1824,ROHLTD,532699.0
1825,SPECIALITY,534425.0
1826,TAJGVK,532390.0
1827,TGBHOTELS,532845.0
1828,BYKE,531373.0
1829,VICEROY,523796.0
1830,BEL,500049.0
1831,CENTUM,517544.0
1832,KERNEX,532686.0
1833,NITIRAJ,
1834,PULZ,
1835,SBCL,513097.0
1836,IRCTC,542830.0
1837,ACCORD,
1838,ADANIPORTS,532921.0
1839,AJRINFRA,532959.0
1840,AISL,
1841,ASHOKA,533271.0
1842,ATALREAL,
1843,ATLANTA,532759.0
1844,BGRENERGY,532930.0
1845,DBL,540047.0
1846,ENGINERSIN,532178.0
1847,GEPIL,532309.0
1848,GMRINFRA,532754.0
1849,HECPROJECT,532533.0
1850,HFCL,500183.0
1851,IL&FSENGG,532907.0
1852,IL&FSTRANS,533177.0
1853,IRB,532947.0
1854,IRCON,541956.0
1855,JKIL,532940.0
1856,JPINFRATEC,533207.0
1857,LT,500510.0
1858,LIKHITHA,543240.0
1859,MEP,539126.0
1860,MUKANDENGG,532097.0
1861,NOIDATOLL,532481.0
1862,PIGL,
1863,RIIL,523445.0
1864,RELINFRA,500390.0
1865,RITES,541556.0
1866,SHRIRAMEPC,532945.0
1867,TANTIACONS,532738.0
1868,TECHNOE,542141.0
1869,WSI,504220.0
1870,ZODIAC,
1871,ATFL,500215.0
1872,AVTNPL,519105.0
1873,BCLIND,524332.0
1874,GOKULAGRO,539725.0
1875,GOKUL,532980.0
1876,GAEL,524226.0
1877,MGEL,
1878,NKIND,519494.0
1879,ROML,533093.0
1880,RUCHI,500368.0
1881,SRPL,